ticker,fund_name,etp_category,current_issuer,suggested_brand
497780 KS,SAMSUNGACTIVE KOACT US NATURAL GAS INFRASTRUCTURE ACTIVE ETF,,Samsung Asset Management Co Lt,SAMSUNGACTIVE
AAA US,ALTERNATIVE ACCESS FIRST PRIORITY CLO BOND ETF,,Investment Managers Series Tru,ALTERNATIVE
ABCS US,ALPHA BLUE CAPITAL US SMALL-MID CAP DYNAMIC ETF,,EA Series Trust,ALPHA
ABEQ US,ABSOLUTE SELECT VALUE ETF,,Unified Series Trust/Absolute,ABSOLUTE
ABIG US,ARGENT LARGE CAP ETF,,EA Series Trust,ARGENT
ACEP US,ARS CORE EQUITY PORTFOLIO ETF,,EA Series Trust/Empowered Fund,ARS
ACSI US,AMERICAN CUSTOMER SATISFACTION ETF,,Tidal Trust I,AMERICAN
ACVF US,AMERICAN CONSERVATIVE VALUES ETF,,ETF Opportunities Trust/Ridgel,AMERICAN
ACVT US,ADVENT CONVERTIBLE BOND ETF,,RBB Fund Trust/The,ADVENT
ADFI US,ANFIELD DYNAMIC FIXED INCOME ETF,,Two Roads Shared Trust/Anfield,ANFIELD
AESR US,ANFIELD US EQUITY SECTOR ROTATION ETF,,Horizon Funds,ANFIELD
AFIF US,ANFIELD UNIVERSAL FIXED INCOME ETF,,Horizon Funds,ANFIELD
AFIX US,ALLSPRING BROAD MARKET CORE BOND ETF,,Allspring Funds Management LLC,ALLSPRING
AFOS US,ARS FOCUSED OPPORTUNITIES STRATEGY ETF,,EA Series Trust/Empowered Fund,ARS
AGFXF US,DB AGRICULTURE LONG EXCHANGE TRADED NOTES,,DB ETNs/USA,DB
AGGA US,EA ASTORIA BEACON DYNAMIC CORE US FIXED INCOME ETF,,EA Series Trust,EA
AGGZ US,TWIN OAK ENHANCED FIXED INCOME ETF,,Twin Oak ETF Co/USA,TWIN
AGOX US,ADAPTIVE ALPHA OPPORTUNITIES ETF,,Starboard Investment Trust,ADAPTIVE
AGRW US,ALLSPRING LT LARGE GROWTH ETF,,Allspring Funds Management LLC,ALLSPRING
AINP US,ALLSPRING INCOME PLUS ETF,,Allspring Funds Management LLC,ALLSPRING
AKAF US,THE FRONTIER ECONOMIC FUND,,ETF Series Solutions,FRONTIER
AKRE US,AKRE FOCUS ETF,,Professionally Managed Portfol,AKRE
ALIL US,ARGENT FOCUSED SMALL CAP ETF,,EA Series Trust,ARGENT
ALRG US,ALLSPRING LT LARGE CORE ETF,,Allspring Funds Management LLC,ALLSPRING
AMAX US,ADAPTIVE HEDGED MULTI-ASSET INCOME ETF,,Starboard Investment Trust,ADAPTIVE
AMEI US,AMANA EQUITY INCOME ETF,,Amana Mutual Funds Trust,AMANA
AMEM US,AMANA DEVELOPING WORLD ETF,,Amana Mutual Funds Trust,AMANA
AMGR US,AMANA GROWTH ETF,,Amana Mutual Funds Trust,AMANA
AMID US,ARGENT MID CAP ETF,,EA Series Trust,ARGENT
AMJB US,ALERIAN MLP INDEX ETNS DUE JANUARY 28 2044,,JP Morgan ETNs/USA,ALERIAN
AMLP US,ALERIAN MLP ETF,,ALPS ETF Trust,ALERIAN
AMOM US,QRAFT AI-ENHANCED US LARGE CAP MOMENTUM ETF,,Exchange Listed Funds Trust,QRAFT
AOHY US,ANGEL OAK HIGH YIELD OPPORTUNITIES ETF,,Angel Oak Funds Trust,ANGEL
APCB US,ACTIVEPASSIVE CORE BOND ETF,,Trust For Professional Manager,ACTIVEPASSIVE
APIE US,ACTIVEPASSIVE INTERNATIONAL EQUITY ETF,,Trust For Professional Manager,ACTIVEPASSIVE
APLU US,ALLSPRING CORE PLUS ETF,,Allspring Funds Management LLC,ALLSPRING
APMU US,ACTIVEPASSIVE INTERMEDIATE MUNICIPAL BOND ETF,,Trust For Professional Manager,ACTIVEPASSIVE
APUE US,ACTIVEPASSIVE US EQUITY ETF,,Trust For Professional Manager,ACTIVEPASSIVE
AQEC US,AQE CORE ETF,,ETF Opportunities Trust/Arling,AQE
AQLG US,HCM LARGE CAP GROWTH ETF,,ETF Opportunities Trust/Highla,HCM
ARB US,ALTSHARES MERGER ARBITRAGE ETF,,AltShares Trust,ALTSHARES
ARIA US,ARIA OPPORTUNITIES ETF,,Exchange Listed Funds Trust,ARIA
ARMH US,ARM HOLDINGS PLC ADRHEDGED,,Precidian ETFs Trust,ARM
ARP US,PMV ADAPTIVE RISK PARITY ETF,,Advisors' Inner Circle Fund II,PMV
ASCE US,ALLSPRING SMID CORE ETF,,Allspring Funds Management LLC,ALLSPRING
ASLV US,ALLSPRING SPECIAL LARGE VALUE ETF,,Allspring Funds Management LLC,ALLSPRING
ASMH US,ASML HOLDING NV ADRHEDGED TM,,Precidian ETFs Trust,ASML
ATTR US,ARIN TACTICAL TAIL RISK ETF,,EA Series Trust,ARIN
AUSM US,ALLSPRING ULTRA SHORT MUNICIPAL ETF,,Allspring Funds Management LLC,ALLSPRING
AZTD US,AZTLAN GLOBAL STOCK SELECTION DM SMID ETF,,Tidal Trust I,AZTLAN
BAMA US,BROOKSTONE ACTIVE ETF,,Northern Lights Fund Trust IV/,BROOKSTONE
BAMB US,BROOKSTONE INTERMEDIATE BOND ETF,,Northern Lights Fund Trust IV/,BROOKSTONE
BAMD US,BROOKSTONE DIVIDEND STOCK ETF,,Northern Lights Fund Trust IV/,BROOKSTONE
BAMG US,BROOKSTONE GROWTH STOCK ETF,,Northern Lights Fund Trust IV/,BROOKSTONE
BAMO US,BROOKSTONE OPPORTUNITIES ETF,,Northern Lights Fund Trust IV/,BROOKSTONE
BAMU US,BROOKSTONE ULTRA-SHORT BOND ETF,,Northern Lights Fund Trust IV/,BROOKSTONE
BAMV US,BROOKSTONE VALUE STOCK ETF,,Northern Lights Fund Trust IV/,BROOKSTONE
BAMY US,BROOKSTONE YIELD ETF,,Northern Lights Fund Trust IV/,BROOKSTONE
BBHL US,BBH SELECT LARGE CAP ETF,,BBH Trust,BBH
BBHM US,BBH SELECT MID CAP ETF,,BBH Trust,BBH
BBLU US,EA BRIDGEWAY BLUE CHIP ETF,,EA Series Trust,EA
BCHP US,PRINCIPAL FOCUSED BLUE CHIP ETF,,Principal Exchange-Traded Fund,PRINCIPAL
BCKT US,LIFEX 2030 INCOME BUCKET ETF,,Stone Ridge Trust,LIFEX
BDBT US,BLUEMONTE CORE BOND ETF,,Exchange-Traded Concepts ETFs/,BLUEMONTE
BDGS US,BRIDGES CAPITAL TACTICAL ETF,,Three Bridges Capital LP/USA,BRIDGES
BDRY US,BREAKWAVE DRY BULK SHIPPING ETF,,Amplify Commodity Trust,BREAKWAVE
BDVG US,IMGP BERKSHIRE DIVIDEND GROWTH ETF,,Litman Gregory Funds Trust,IMGP
BEEX US,THE BEEHIVE ETF,,Tidal Trust III,BEEHIVE
BEEZ US,HONEYTREE US EQUITY ETF,,EA Series Trust,HONEYTREE
BESF US,BASTION ENERGY ETF,,EA Series Trust,BASTION
BFIX US,BUILD BOND INNOVATION ETF,,Build Funds Trust,BUILD
BFOR US,BARRON'S 400 ETF,,ALPS ETF Trust,BARRON'S
BGCG US,BAILLIE GIFFORD INTERNATIONAL CONCENTRATED GROWTH ETF,,Baillie Gifford ETF Trust,BAILLIE
BGDV US,BAHL & GAYNOR DIVIDEND ETF,,ETF Series Solutions/Bahl & Ga,BAHL
BGEG US,BAILLIE GIFFORD EMERGING MARKETS ETF,,Baillie Gifford ETF Trust,BAILLIE
BGGG US,BAILLIE GIFFORD LONG TERM GLOBAL GROWTH ETF,,Baillie Gifford ETF Trust,BAILLIE
BGIA US,BAILLIE GIFFORD INTERNATIONAL ALPHA ETF,,Baillie Gifford ETF Trust,BAILLIE
BGIG US,BAHL & GAYNOR INCOME GROWTH ETF,,ETF Series Solutions/Bahl & Ga,BAHL
BINT US,BLUEMONTE GLOBAL EQUITY ETF,,Exchange-Traded Concepts ETFs/,BLUEMONTE
BINV US,BRANDES INTERNATIONAL ETF,,Brandes Funds/USA,BRANDES
BLGR US,BLUEMONTE LARGE CAP GROWTH ETF,,Exchange-Traded Concepts ETFs/,BLUEMONTE
BLST US,BLUEMONTE SHORT TERM BOND ETF,,Exchange-Traded Concepts ETFs/,BLUEMONTE
BLTD US,BLUEMONTE LONG TERM BOND ETF,,Exchange-Traded Concepts ETFs/,BLUEMONTE
BLUC US,BLUEMONTE LARGE CAP CORE ETF,,Exchange-Traded Concepts ETFs/,BLUEMONTE
BLUI US,BLUEMONTE DIVERSIFIED INCOME ETF,,Exchange-Traded Concepts ETFs/,BLUEMONTE
BLUX US,BLUEMONTE DYNAMIC TOTAL MARKET ETF,,Exchange-Traded Concepts ETFs/,BLUEMONTE
BNDD US,QUADRATIC DEFLATION ETF,,KraneShares Trust,QUADRATIC
BNO US,UNITED STATES BRENT OIL FUND LP,,United States Commodities ETFs,UNITED
BOBP US,CORE16 BEST OF BREED PREMIER INDEX ETF,,Exchange-Traded Concepts ETFs/,CORE16
BOUT US,CAPFORCE IBD BREAKOUT OPPORTUNITIES ETF,,Capital-Force ETF Trust,CAPFORCE
BPH US,BP P.L.C. ADRHEDGED,,Precidian ETFs Trust,BP
BSCL US,BILI SOCIAL INTERNATIONAL INC,,,BILI
BSMC US,BRANDES U.S. SMALL-MID CAP VALUE ETF,,Brandes Funds/USA,BRANDES
BSR US,BEACON UNIFIED CATALYST ETF,,Northern Lights Fund Trust II/,BEACON
BSVO US,EA BRIDGEWAY OMNI SMALL-CAP VALUE ETF,,EA Series Trust,EA
BTAL US,AGF US MARKET NEUTRAL ANTI-BETA FUND,,AGF Investments Trust,AGF
BTGD US,STKD 100% BITCOIN & 100% GOLD ETF,,Tidal Trust II,STKD
BTR US,BEACON TACTICAL RISK ETF,,Northern Lights Fund Trust II/,BEACON
BUDH US,ANHEUSER-BUSCH INBEV SA/NV ADRHEDGED,,Precidian ETFs Trust,ANHEUSER-BUSCH
BUSA US,BRANDES U.S. VALUE ETF,,Brandes Funds/USA,BRANDES
BVAL US,BLUEMONTE LARGE CAP VALUE ETF,,Exchange-Traded Concepts ETFs/,BLUEMONTE
BWET US,BREAKWAVE TANKER SHIPPING ETF,,Amplify Commodity Trust,BREAKWAVE
BWQG US,BWM QUALITY GROWTH ETF,,EA Series Trust,BWM
BWTG US,BRENDAN WOOD TOPGUN ETF,,ETF Opportunities Trust/Tuttle,BRENDAN
BYRE US,PRINCIPAL REAL ESTATE ACTIVE OPPORTUNITIES ETF,,Principal Exchange-Traded Fund,PRINCIPAL
CAFX US,CONGRESS INTERMEDIATE BOND ETF,,Professionally Managed Portfol,CONGRESS
CAML US,CONGRESS LARGE CAP GROWTH ETF,,Professionally Managed Portfol,CONGRESS
CAMX US,CAMBIAR AGGRESSIVE VALUE ETF,,Advisors' Inner Circle Fund/Ca,CAMBIAR
CARK US,CASTLEARK LARGE GROWTH ETF,,Advisors' Inner Circle Fund II,CASTLEARK
CARY US,ANGEL OAK INCOME ETF,,Angel Oak Funds Trust,ANGEL
CBLS US,CLOUGH HEDGED EQUITY ETF,,Elevation Series Trust/Clough,CLOUGH
CBSE US,CLOUGH SELECT EQUITY ETF,,Elevation Series Trust/Clough,CLOUGH
CCFE US,CONCOURSE CAPITAL FOCUSED EQUITY ETF,,EA Series Trust,CONCOURSE
CCOR US,CORE ALTERNATIVE ETF,,Listed Funds Trust,CORE
CDEI US,CALVERT US LARGE-CAP DIVERSITY EQUITY AND INCLUSION INDEX ETF,,Morgan Stanley Etf Trust,CALVERT
CDIG US,CITY DIFFERENT INVESTMENTS GLOBAL EQUITY ETF,,EA Series Trust,CITY
CEFS US,SABA CLOSED-END FUNDS ETF,,Exchange-Traded Concepts ETFs/,SABA
CEFZ US,RIVERNORTH ACTIVE INCOME ETF,,Elevation Series Trust,RIVERNORTH
CGBL US,CAPITAL GROUP CORE BALANCED ETF,,Capital Group/ETFs,CAPITAL
CGCB US,CAPITAL GROUP CORE BOND ETF,,Capital Group Fixed Income ETF,CAPITAL
CGCP US,CAPITAL GROUP CORE PLUS INCOME ETF,,Capital Group Fixed Income ETF,CAPITAL
CGCV US,CAPITAL GROUP CONSERVATIVE EQUITY ETF,,Capital Group/ETFs,CAPITAL
CGDG US,CAPITAL GROUP DIVIDEND GROWERS ETF,,Capital Group/ETFs,CAPITAL
CGDV US,CAPITAL GROUP DIVIDEND VALUE ETF,,Capital Group/ETFs,CAPITAL
CGGE US,CAPITAL GROUP GLOBAL EQUITY ETF,,Capital Group/ETFs,CAPITAL
CGGG US,CAPITAL GROUP LARGE GROWTH ETF,,Capital Group Equity Etf Trust,CAPITAL
CGGO US,CAPITAL GROUP GLOBAL GROWTH EQUITY ETF,,Capital Group/ETFs,CAPITAL
CGGR US,CAPITAL GROUP GROWTH ETF,,Capital Group/ETFs,CAPITAL
CGHM US,CAPITAL GROUP MUNICIPAL HIGH-INCOME ETF,,Capital Group Fixed Income ETF,CAPITAL
CGHY US,CAPITAL GROUP HIGH YIELD BOND ETF,,Capital Group Fixed Income ETF,CAPITAL
CGIB US,CAPITAL GROUP INTERNATIONAL BOND ETF USD-HEDGED,,Capital Group Fixed Income ETF,CAPITAL
CGIC US,CAPITAL GROUP INTERNATIONAL CORE EQUITY ETF,,Capital Group/ETFs,CAPITAL
CGIE US,CAPITAL GROUP INTERNATIONAL EQUITY ETF,,Capital Group/ETFs,CAPITAL
CGMM US,CAPITAL GROUP US SMALL AND MID CAP ETF,,Capital Group Equity Etf Trust,CAPITAL
CGMS US,CAPITAL GROUP US MULTI-SECTOR INCOME ETF,,Capital Group Fixed Income ETF,CAPITAL
CGMU US,CAPITAL GROUP MUNICIPAL INCOME ETF,,Capital Group Fixed Income ETF,CAPITAL
CGNG US,CAPITAL GROUP NEW GEOGRAPHY EQUITY ETF,,Capital Group/ETFs,CAPITAL
CGRO US,COREVALUES ALPHA GREATER CHINA GROWTH ETF,,Tidal Trust II,COREVALUES
CGSD US,CAPITAL GROUP SHORT DURATION INCOME ETF,,Capital Group Fixed Income ETF,CAPITAL
CGSM US,CAPITAL GROUP SHORT DURATION MUNICIPAL INCOME ETF,,Capital Group Fixed Income ETF,CAPITAL
CGUI US,CAPITAL GROUP ULTRA SHORT INCOME ETF,,Capital Group Fixed Income ETF,CAPITAL
CGUS US,CAPITAL GROUP CORE EQUITY ETF,,Capital Group/ETFs,CAPITAL
CGV US,CONDUCTOR GLOBAL EQUITY VALUE ETF,,Two Roads Shared Trust/IronHor,CONDUCTOR
CGVV US,CAPITAL GROUP LARGE VALUE ETF,,Capital Group Equity Etf Trust,CAPITAL
CGXU US,CAPITAL GROUP INTERNATIONAL FOCUS EQUITY ETF,,Capital Group/ETFs,CAPITAL
CIRC US,CIRCLE8 GROUP INC,,,CIRCLE8
CLCG US,CROSSMARK LARGE CAP GROWTH ETF,,Crossmark ETF Trust,CROSSMARK
CLCV US,CROSSMARK LARGE CAP VALUE ETF,,Crossmark ETF Trust,CROSSMARK
CLOX US,ELDRIDGE AAA CLO ETF,,Series Portfolio Trust/Eldridg,ELDRIDGE
CLOZ US,ELDRIDGE BBB-B CLO ETF,,Series Portfolio Trust/Eldridg,ELDRIDGE
CLSE US,CONVERGENCE LONG/SHORT EQUITY ETF,,Convergence Investment Partner,CONVERGENCE
CLSM US,EXCHANGE LISTED FUNDS TRUST ETC CABANA TARGET LEADING SECTOR MODERATE ETF,,Exchange Listed Funds Trust,EXCHANGE
CMBO US,WAYFINDER DYNAMIC US INTEREST RATE ETF,,RBB Fund Trust/The,WAYFINDER
CNAV US,MOHR COMPANY NAV ETF,,Collaborative Investment Serie,MOHR
COAL US,RANGE GLOBAL COAL INDEX ETF,,Exchange-Traded Concepts Trust,RANGE
CPAI US,COUNTERPOINT QUANTITATIVE EQUITY ETF,,Northern Lights Fund Trust III,COUNTERPOINT
CPER US,UNITED STATES COPPER INDEX FUND,,United States Commodities ETFs,UNITED
CREF US,WHITEWOLF COMMERCIAL REAL ESTATE FINANCE INCOME ETF,,EA Series Trust,WHITEWOLF
CSMD US,CONGRESS SMID GROWTH ETF,,Professionally Managed Portfol,CONGRESS
CTEF US,CASTELLAN TARGETED EQUITY ETF,,EA Series Trust,CASTELLAN
CTIF US,CASTELLAN TARGETED INCOME ETF,,EA Series Trust,CASTELLAN
CTWO US,COTWO ADVISORS PHYSICAL EUROPEAN CARBON ALLOWANCE TRUST,,Cotwo Advisors LLC/The,COTWO
CVAR US,CULTIVAR ETF,,ETF Opportunities Trust/Cultiv,CULTIVAR
CVGD US,CRESALTA GLOBAL DIVIDEND ETF,,Elevation Series Trust/CresAlt,CRESALTA
CVIE US,CALVERT INTERNATIONAL RESPONSIBLE INDEX ETF,,Morgan Stanley Etf Trust,CALVERT
CVLC US,CALVERT US LARGE-CAP CORE RESPONSIBLE INDEX ETF,,Morgan Stanley Etf Trust,CALVERT
CVMC US,CALVERT US MID-CAP CORE RESPONSIBLE INDEX ETF,,Morgan Stanley Etf Trust,CALVERT
CVSB US,CALVERT ULTRA-SHORT INVESTMENT GRADE ETF,,Morgan Stanley Etf Trust,CALVERT
CVSM US,CRESALTA SMALL AND MID-CAP ETF,,Elevation Series Trust/CresAlt,CRESALTA
DAK US,DAKOTA ACTIVE EQUITY ETF,,EA Series Trust,DAKOTA
DANA US,DANA LIMITED VOLATILITY ETF,,Tidal Trust I,DANA
DBMF US,IMGP DBI MANAGED FUTURES STRATEGY ETF,,Litman Gregory Funds Trust,IMGP
DDV US,DEFINED DURATION 5 ETF,,EA Series Trust,DEFINED
DDX US,DEFINED DURATION 10 ETF,,EA Series Trust,DEFINED
DDXX US,DEFINED DURATION 20 ETF,,EA Series Trust,DEFINED
DEEP US,ACQUIRERS SMALL AND MICRO DEEP VALUE ETF,,ETF Series Solutions,ACQUIRERS
DEMZ US,DEMOCRATIC LARGE CAP CORE ETF,,Advisors' Inner Circle Fund II,DEMOCRATIC
DEOH US,DIAGEO PLC ADRHEDGED,,Precidian ETFs Trust,DIAGEO
DFMC US,US MICRO CAP PORTFOLIO ETF,CC,DFA Investment Dimensions Grou,MICRO
DFNL US,DAVIS SELECT FINANCIAL ETF,,Davis Fundamental ETF Trust,DAVIS
DFTT US,DF TACTICAL 30 ETF,,Northern Lights Fund Trust/Don,DF
DHLX US,DIAMOND HILL LARGE CAP CONCENTRATED ETF,,Diamond Hill ETFs/USA,DIAMOND
DINT US,DAVIS SELECT INTERNATIONAL ETF,,Davis Fundamental ETF Trust,DAVIS
DIVD US,ALTRIUS GLOBAL DIVIDEND ETF,,EA Series Trust,ALTRIUS
DIVE US,DANA CONCENTRATED DIVIDEND ETF,,Tidal Trust I,DANA
DRAI US,DRACO EVOLUTION AI ETF,,EA Series Trust,DRACO
DRMY US,XFUNDS MEMORY INCOME ETF,Thematic,Tidal Trust II,XFUNDS
DSMC US,DISTILLATE SMALL/MID CASH FLOW ETF,,ETF Series Solutions/Distillat,DISTILLATE
DSTL US,DISTILLATE US FUNDAMENTAL STABILITY & VALUE ETF,,ETF Series Solutions/Distillat,DISTILLATE
DSTX US,DISTILLATE INTERNATIONAL FUNDAMENTAL STABILITY & VALUE ETF,,ETF Series Solutions/Distillat,DISTILLATE
DTAN US,SPARKLINE INTERNATIONAL INTANGIBLE VALUE ETF,,EA Series Trust,SPARKLINE
DUKH US,OCEAN PARK HIGH INCOME ETF,,Northern Lights Fund Trust/Oce,OCEAN
DUKQ US,OCEAN PARK DOMESTIC ETF,,Northern Lights Fund Trust/Oce,OCEAN
DUKX US,OCEAN PARK INTERNATIONAL ETF,,Northern Lights Fund Trust/Oce,OCEAN
DUKZ US,OCEAN PARK DIVERSIFIED INCOME ETF,,Northern Lights Fund Trust/Oce,OCEAN
DUNK US,DANA UNCONSTRAINED EQUITY ETF,,Tidal Trust I,DANA
DUSA US,DAVIS SELECT US EQUITY ETF,,Davis Fundamental ETF Trust,DAVIS
DUTY US,US DEFENSE ETF,,Tidal Trust III,DEFENSE
DVAL US,BRANDYWINEGLOBAL DYNAMIC US LARGE CAP VALUE ETF,,Franklin Templeton ETF Trust,BRANDYWINEGLOBAL
DVDN US,KINGSBARN DIVIDEND OPPORTUNITY ETF,,ETF Opportunities Trust/Kingsb,KINGSBARN
DVGR US,DAC 3D DIVIDEND GROWTH ETF,,EA Series Trust,DAC
DWLD US,DAVIS SELECT WORLDWIDE ETF,,Davis Fundamental ETF Trust,DAVIS
DWWN US,PRINCIPAL LONG DURATION ETF,,Principal Exchange-Traded Fund,PRINCIPAL
DYLD US,LEADERSHARES DYNAMIC YIELD ETF,,Two Roads Shared Trust/Redwood,LEADERSHARES
EAGL US,EAGLE CAPITAL SELECT EQUITY ETF,,2023 ETF Series Trust/The,EAGLE
EASY US,LIBERTY ONE DEFENSIVE DIVIDEND GROWTH ETF,,Two Roads Shared Trust/Liberty,LIBERTY
EBI US,LONGVIEW ADVANTAGE ETF,,RBB Fund Trust/The,LONGVIEW
ECML US,EUCLIDEAN FUNDAMENTAL VALUE ETF,,Euclidean Technologies Managem,EUCLIDEAN
EDGF US,3EDGE DYNAMIC FIXED INCOME ETF,,Advisors' Inner Circle Fund II,3EDGE
EDGH US,3EDGE DYNAMIC HARD ASSETS ETF,,Advisors' Inner Circle Fund II,3EDGE
EDGI US,3EDGE DYNAMIC INTERNATIONAL EQUITY ETF,,Advisors' Inner Circle Fund II,3EDGE
EDGU US,3EDGE DYNAMIC US EQUITY ETF,,Advisors' Inner Circle Fund II,3EDGE
EEEE US,4E QUALITY GROWTH ETF,,Tidal Trust III,QUALITY
EHLS US,EVEN HERD LONG SHORT ETF,,Tidal Trust II,EVEN
ELKD US,ELKHORN FTSE RAFI DEVELOPED EX-U.S. EQUITY INCOME ETF,,Elkhorn ETF Trust,ELKHORN
ELKE US,ELKHORN FTSE RAFI EMERGING EQUITY INCOME ETF,,Elkhorn ETF Trust,ELKHORN
ELM US,ELM MARKET NAVIGATOR ETF,,Series Portfolios Trust,ELM
EMEM US,SOPHUS CAPITAL EMERGING MARKET ETF,,EA Series Trust,SOPHUS
EMPB US,EFFICIENT MARKET PORTFOLIO PLUS ETF,,EA Series Trust,EFFICIENT
EMSC US,SOPHUS CAPITAL EMERGING MARKET SMALL CAP ETF,,EA Series Trust,SOPHUS
ENRG US,NINEPOINT ENERGY ETF,Thematic,Tidal Trust III,NINEPOINT
EQTY US,KOVITZ CORE EQUITY ETF,,Valued Advisers Trust/Kovitz I,KOVITZ
ESN US,ESSENTIAL 40 STOCK ETF,,Northern Lights Fund Trust II/,ESSENTIAL
ETFF US,ETF 50,,Amplify Commodity Trust,ETF
ETFT US,FUNDSMITH EQUITY ETF,,ALPS Series Trust/Fundsmith In,FUNDSMITH
EVNT US,ALTSHARES EVENT-DRIVEN ETF,,AltShares Trust,ALTSHARES
EZMO US,ALPHADROID BROAD MARKETS MOMENTUM ETF,,Listed Funds Trust/Teucrium In,ALPHADROID
EZRO US,ALPHADROID DEFENSIVE SECTOR ROTATION ETF,,Listed Funds Trust/Teucrium In,ALPHADROID
FARX US,FRONTIER ASSET ABSOLUTE RETURN ETF,,Frontier ETFs/USA,FRONTIER
FCBD US,FRONTIER ASSET CORE BOND ETF,,Frontier ETFs/USA,FRONTIER
FCTE US,SMI 3FOURTEEN FULL-CYCLE TREND ETF,,ETF Opportunities Trust/3Fourt,SMI
FCUS US,PINNACLE FOCUSED OPPORTUNITIES ETF,,Tidal Trust II,PINNACLE
FDAT US,TACTICAL ADVANTAGE ETF,,Tidal Trust II,TACTICAL
FDIV US,MARKETDESK FOCUSED US DIVIDEND ETF,,EA Series Trust,MARKETDESK
FFIU US,UVA UNCONSTRAINED MEDIUM-TERM FIXED INCOME ETF,,Spinnaker ETF Trust,UVA
FFLS US,FUTURE FUND LONG/SHORT ETF/THE,,Northern Lights Fund Trust II/,FUTURE
FFND US,ONE GLOBAL ETF,,Northern Lights Fund Trust II/,ONE
FFOX US,FUNDX FUTURE FUND OPPORTUNITIES ETF,,FundX Investment Trust,FUNDX
FFTY US,CAPFORCE IBD 50 ETF,,Capital-Force ETF Trust,CAPFORCE
FGSM US,FRONTIER ASSET GLOBAL SMALL CAP EQUITY ETF,,Advisors' Inner Circle Fund II,FRONTIER
FINT US,FRONTIER ASSET TOTAL INTERNATIONAL EQUITY ETF,,Frontier ETFs/USA,FRONTIER
FISN US,DEEP FISSION INC,,Surfside Acquisition Inc,DEEP
FITZ US,FITZ-GERALD MUST HAVE PORTFOLIO ETF,,Tidal Trust II,FITZ-GERALD
FIXP US,FOLIOBEYOND ENHANCED FIXED INCOME PREMIUM ETF,,Tidal Trust I,FOLIOBEYOND
FLCE US,FRONTIER ASSET US LARGE CAP EQUITY ETF,,Frontier ETFs/USA,FRONTIER
FMTM US,MARKETDESK FOCUSED US MOMENTUM ETF,,EA Series Trust,MARKETDESK
FOPC US,FRONTIER ASSET OPPORTUNISTIC CREDIT ETF,,Frontier ETFs/USA,FRONTIER
FORH US,FORMIDABLE ETF,,ETF Opportunities Trust/Formid,FORMIDABLE
FPAA US,FPA GLOBAL ALLOCATION ETF,,Investment Managers Series Tru,FPA
FPAG US,FPA GLOBAL EQUITY ETF,,Northern Lights Fund Trust III,FPA
FPAS US,FPA SHORT DURATION GOVERNMENT ETF,,Investment Managers Series Tru,FPA
FRDM US,FREEDOM 100 EMERGING MARKETS ETF,,EA Series Trust,FREEDOM
GAGE US,AZORIA GOLDEN AGE ETF,Thematic,Tidal Trust III,AZORIA
GDMA US,GADSDEN DYNAMIC MULTI-ASSET ETF,,EA Series Trust,GADSDEN
GEME US,PACIFIC NOS GLOBAL EM EQUITY ACTIVE ETF,,Pacific Asset Management/Paren,PACIFIC
GEND US,GENTER CAPITAL DIVIDEND INCOME ETF,,Spinnaker ETF Trust,GENTER
GENM US,GENTER CAPITAL MUNICIPAL QUALITY INTERMEDIATE ETF,,Spinnaker ETF Trust,GENTER
GENT US,GENTER CAPITAL TAXABLE QUALITY INTERMEDIATE ETF,,Spinnaker ETF Trust,GENTER
GENW US,GENTER CAPITAL INTERNATIONAL DIVIDEND ETF,,Spinnaker ETF Trust,GENTER
GFGF US,GURU FAVORITE STOCKS ETF,,EA Series Trust,GURU
GGM US,GGM MACRO ALIGNMENT ETF,,Northern Lights Fund Trust II/,GGM
GHTA US,GOOSE HOLLOW TACTICAL ALLOCATION ETF,,Collaborative Investment Serie,GOOSE
GISC US,GUGGENHEIM SECURITIZED INCOME ETF,,Guggenheim ETFs/USA,GUGGENHEIM
GKAT US,SCHARF GLOBAL OPPORTUNITY ETF,,Advisors Series Trust/Scharf I,SCHARF
GLCR US,GLACIERSHARES NASDAQ ICELAND ETF,,Listed Funds Trust/Teucrium In,GLACIERSHARES
GMMA US,GAMMAROAD MARKET NAVIGATION ETF,,Tidal Trust III,GAMMAROAD
GOP US,UNUSUAL WHALES SUBVERSIVE REPUBLICAN TRADING ETF,,Series Portfolio Trust/Subvers,UNUSUAL
GPT US,INTELLIGENT ALPHA ATLAS ETF,,EA Series Trust/Empowered Fund,INTELLIGENT
GQGU US,GQG US EQUITY ETF,,Advisors Inner Circle Fund III,GQG
GRBD US,GLOBAL BETA CHINA GREEN BOND ETF,,Global Beta ETF Trust,GLOBAL
GRNJ US,FUNDSTRAT GRANNY SHOTS US SMALL- & MID-CAP ETF,,Tidal Trust III,FUNDSTRAT
GRNY US,FUNDSTRAT GRANNY SHOTS US LARGE CAP ETF,,Tidal Trust III,FUNDSTRAT
GROZ US,ZACKS FOCUS GROWTH ETF,,Zacks Trust,ZACKS
GSCE US,GS CONNECT S&P GSCI ENHANCED COMMODITY TOTAL RETURN STRATEGY INDEX ETN,,Goldman Sachs ETNs/USA,GS
GSKH US,GSK PLC ADRHEDGED,,Precidian ETFs Trust,GSK
GSPY US,GOTHAM ENHANCED 500 ETF,,Tidal Trust I,GOTHAM
GVLU US,GOTHAM 1000 VALUE ETF,,Tidal Trust I,GOTHAM
HAUS US,RESIDENTIAL REIT ETF,,Tidal Trust I,RESIDENTIAL
HBDC US,HILTON BDC CORPORATE BOND ETF,,Tidal Trust II,HILTON
HF US,DGA CORE PLUS ABSOLUTE RETURN ETF,,Tidal Trust II,DGA
HFEQ US,UNLIMITED HFEQ EQUITY LONG SHORT ETF,,Tidal Trust I,UNLIMITED
HFGM US,UNLIMITED HFGM GLOBAL MACRO ETF,,Tidal Trust I,UNLIMITED
HFMF US,UNLIMITED HFMF MANAGED FUTURES ETF,,Tidal Trust I,UNLIMITED
HFND US,UNLIMITED HFND MULTI-STRATEGY RETURN TRACKER ETF,,Tidal Trust I,UNLIMITED
HFSP US,TRADERSAI LARGE CAP EQUITY & CASH ETF,,Tidal Trust III,TRADERSAI
HIS US,HUMILIS US FOCUSED OPPORTUNITIES ETF,,EA Series Trust,HUMILIS
HLAL US,WAHED FTSE USA SHARIAH ETF,,Listed Funds Trust,WAHED
HSBH US,HSBC HOLDINGS PLC ADRHEDGED,,Precidian ETFs Trust,HSBC
HTUS US,HULL TACTICAL US ETF,,Capitol Series Trust/HTAA LLC,HULL
HWSM US,HOTCHKIS & WILEY SMID CAP DIVERSIFIED VALUE FUND,,Hotchkis and Wiley Funds/DE,HOTCHKIS
HYGA US,TWIN OAK ENHANCED CREDIT ETF,CC,Twin Oak ETF Co/USA,TWIN
HYP US,GOLDEN EAGLE DYNAMIC HYPERGROWTH ETF,,ETF Opportunities Trust/Golden,GOLDEN
HYTR US,COUNTERPOINT HIGH YIELD TREND ETF,,Northern Lights Fund Trust III,COUNTERPOINT
IG US,PRINCIPAL INVESTMENT GRADE CORPORATE ETF,,Principal Exchange-Traded Fund,PRINCIPAL
IINC US,ALKI CONSOLIDATED INCOME ETF,,Tidal Trust III,ALKI
ILS US,BROOKMONT CATASTROPHIC BOND ETF,,ETF Opportunities Trust/Brookm,BROOKMONT
INTL US,MAIN INTERNATIONAL ETF,,Northern Lights Fund Trust IV/,MAIN
ITAN US,SPARKLINE INTANGIBLE VALUE ETF,,EA Series Trust,SPARKLINE
IVOL US,QUADRATIC INTEREST RATE VOLATILITY AND INFLATION HEDGE ETF,,KraneShares Trust,QUADRATIC
JGRW US,JENSEN QUALITY GROWTH ETF,,Trust For Professional Manager,JENSEN
JOJO US,ATAC CREDIT ROTATION ETF,,Tidal Trust I,ATAC
JSTC US,ADASINA SOCIAL JUSTICE ALL CAP GLOBAL ETF,,TOROSO Newfound Funds/USA,ADASINA
KAT US,SCHARF ETF,,Advisors Series Trust/Scharf I,SCHARF
KDRN US,KINGSBARN TACTICAL BOND ETF,,ETF Opportunities Trust/Kingsb,KINGSBARN
KDVD US,KEELEY DIVIDEND ETF,,Gabelli ETFs Trust,KEELEY
KEAT US,KEATING ACTIVE ETF,,EA Series Trust,KEATING
KNOW US,FUNDAMENTALS FIRST ETF,,Mason Capital Fund Trust,FUNDAMENTALS
KONG US,FORMIDABLE FORTRESS ETF,,ETF Opportunities Trust/Formid,FORMIDABLE
KOOL US,NORTH SHORE EQUITY ROTATION ETF,,Spinnaker ETF Trust,NORTH
LBO US,WHITEWOLF PUBLICLY LISTED PRIVATE EQUITY ETF,,EA Series Trust,WHITEWOLF
LCAP US,PRINCIPAL CAPITAL APPRECIATION SELECT ETF,,Principal Exchange-Traded Fund,PRINCIPAL
LCLG US,LOGAN CAPITAL BROAD INNOVATIVE GROWTH ETF,,Advisors Series Trust/Logan Ca,LOGAN
LCR US,LEUTHOLD CORE ETF,,Managed Portfolio Series/Leuth,LEUTHOLD
LDDR US,LIFEX 2035 INCOME BUCKET ETF,,Stone Ridge Trust,LIFEX
LENS US,SARMAYA THEMATIC ETF,,EA Series Trust,SARMAYA
LEXI US,ALEXIS PRACTICAL TACTICAL ETF,,Listed Funds Trust,ALEXIS
LFAI US,LIFEX 2050 LONGEVITY INCOME ETF,,Stone Ridge Trust,LIFEX
LFAO US,LIFEX 2055 LONGEVITY INCOME ETF,,Stone Ridge Trust,LIFEX
LFAW US,LIFEX 2060 LONGEVITY INCOME ETF,,Stone Ridge Trust,LIFEX
LFBE US,LIFEX 2065 LONGEVITY INCOME ETF,,Stone Ridge Trust,LIFEX
LFDR US,LIFEX DURABLE INCOME ETF,,Stone Ridge Trust,LIFEX
LGDX US,INTECH S&P LARGE CAP DIVERSIFIED ALPHA ETF,,Tidal Trust III,INTECH
LGH US,HCM DEFENDER 500 INDEX ETF,,Northern Lights Fund Trust III,HCM
LGHT US,LANGAR GLOBAL HEALTHTECH ETF,,Spinnaker ETF Trust,LANGAR
LGRO US,LEVEL FOUR LARGE CAP GROWTH ACTIVE ETF,,ALPS ETF Trust,LEVEL
LIAE US,LIFEX 2050 INFLATION-PROTECTED LONGEVITY INCOME ETF,,Stone Ridge Trust,LIFEX
LIAM US,LIFEX 2055 INFLATION-PROTECTED LONGEVITY INCOME ETF,,Stone Ridge Trust,LIFEX
LIAU US,LIFEX 2060 INFLATION-PROTECTED LONGEVITY INCOME ETF,,Stone Ridge Trust,LIFEX
LIBD US,LIFEX 2065 INFLATION-PROTECTED LONGEVITY INCOME ETF,,Stone Ridge Trust,LIFEX
LIFT US,LIFEX 2028 INCOME BUCKET ETF,,Stone Ridge Trust,LIFEX
LOEV US,INTERNATIONAL DEVELOPED MARKETS SELECT EQUITY ETF,,Harding Loevner Funds Inc,INTERNATIONAL
LOGO US,ALPHA BRANDS CONSUMPTION LEADERS ETF,,Tidal Trust III,ALPHA
LOTI US,LIBERTY ONE TACTICAL INCOME ETF,,Two Roads Shared Trust/Liberty,LIBERTY
LPRE US,LONG POND REAL ESTATE SELECT ETF,,Exchange Listed Funds Trust,LONG
LQAI US,LG QRAFT AI-POWERED US LARGE CAP CORE ETF,,Exchange Listed Funds Trust,LG
LRGE US,CLEARBRIDGE LARGE CAP GROWTH SELECT ETF,,Legg Mason ETF Investment Trus,CLEARBRIDGE
LSAF US,LEADERSHARES ALPHAFACTOR US CORE EQUITY ETF,,Two Roads Shared Trust/Redwood,LEADERSHARES
LSAT US,LEADERSHARES ALPHAFACTOR TACTICAL FOCUSED ETF,,Two Roads Shared Trust/Redwood,LEADERSHARES
LST US,LEUTHOLD SELECT INDUSTRIES ETF,,Managed Portfolio Series/Leuth,LEUTHOLD
LSVD US,LSV DISCIPLINED VALUE ETF,,Advisors' Inner Circle Fund/LS,LSV
LVIG US,LONGVIEW ADVANTAGE FIXED INCOME ETF,,Hill Investment Group Partners,LONGVIEW
MAGA US,POINT BRIDGE AMERICA FIRST ETF,,ETF Series Solutions,POINT
MAMB US,MONARCH AMBASSADOR INCOME INDEX ETF,,Northern Lights Fund Trust IV/,MONARCH
MAVF US,MATRIX ADVISORS VALUE ETF,,Matrix/Unit Investment Trust/U,MATRIX
MBOX US,FREEDOM DAY DIVIDEND ETF,,EA Series Trust,FREEDOM
MBS US,ANGEL OAK MORTGAGE-BACKED SECURITIES ETF,,Angel Oak Funds Trust,ANGEL
MBSF US,REGAN FLOATING RATE MBS ETF,,Value Advisers Trust/Regan,REGAN
MBSX US,REGAN FIXED RATE MBS ETF,,Advisor Managed Portfolios/Fun,REGAN
MCVT US,MILLER CONVERTIBLE TOTAL RETURN ETF,,Miller Investment Trust,MILLER
MDAA US,MYRIAD DYNAMIC ASSET ALLOCATION ETF,,Series Portfolio Trust/Myriad,MYRIAD
MDLV US,MORGAN DEMPSEY LARGE CAP VALUE ETF,,EA Series Trust,MORGAN
MDPL US,MONARCH DIVIDEND PLUS INDEX ETF,,Northern Lights Fund Trust IV/,MONARCH
MFUL US,MINDFUL CONSERVATIVE ETF,,Tuttle Tactical ETFs/USA,MINDFUL
MGMT US,BALLAST SMALL/MID CAP ETF,,Unified Series Trust/Ballast A,BALLAST
MIGO US,MIG CORE ETF,,Exchange-Traded Concepts Trust,MIG
MINN US,MAIRS & POWER MINNESOTA MUNICIPAL BOND ETF,,Trust for Professional Manager,MAIRS
MJSC US,MUFG JAPAN SMALL CAP ACTIVE ETF,,RBB Fund Trust/The,MUFG
MKAM US,MKAM ETF,,EA Series Trust,MKAM
MMKT US,TEXAS CAPITAL GOVERNMENT MONEY MARKET ETF,,Texas Capital Funds Trust,TEXAS
MNVT US,MOONVEST ETF,,EA Series Trust,MOONVEST
MNZL US,MANZIL RUSSELL HALAL USA BROAD MARKET ETF,,EA Series Trust,MANZIL
MOOD US,RELATIVE SENTIMENT TACTICAL ALLOCATION ETF,,EA Series Trust,RELATIVE
MPLY US,MONOPOLY ETF,,Strategy Shares Inc/Fund Paren,MONOPOLY
MPRO US,MONARCH PROCAP INDEX ETF,,Northern Lights Fund Trust IV/,MONARCH
MSMR US,MCELHENNY SHEFFIELD MANAGED RISK ETF,,ETF Series Solutions,MCELHENNY
MSSS US,MONARCH SELECT SUBSECTOR INDEX ETF,,Northern Lights Fund Trust IV/,MONARCH
MUNX US,AMG GW&K MUNI INCOME ETF,,Amg ETF Trust,AMG
MUSQ US,MUSQ GLOBAL MUSIC INDUSTRY INDEX ETF,,Exchange-Traded Concepts ETFs/,MUSQ
MVFD US,MONARCH VOLUME FACTOR DIVIDEND TREE INDEX ETF,,Northern Lights Fund Trust IV/,MONARCH
MVFG US,MONARCH VOLUME FACTOR GLOBAL UNCONSTRAINED INDEX ETF,,Northern Lights Fund Trust IV/,MONARCH
MVPA US,MILLER VALUE PARTNERS APPRECIATION ETF,,Advisor Managed Portfolios/Mil,MILLER
MWHS US,SKYLAR ELECTRICITY FUTURES ETF,,Exchange Listed Funds Trust,SKYLAR
NANC US,UNUSUAL WHALES SUBVERSIVE DEMOCRATIC TRADING ETF,,Series Portfolio Trust/Subvers,UNUSUAL
NDAA US,NED DAVIS RESEARCH 360 DYNAMIC ALLOCATION ETF,,Tidal Trust III,NED
NDEQ US,NED DAVIS RESEARCH 360 CORE EQUITY ETF,,Tidal Trust III,NED
NDOW US,ANYDRUS ADVANTAGE ETF,,Collaborative Investment Serie,ANYDRUS
NELS US,NELSON SELECT ETF,,Collaborative Investment Serie,NELSON
NETL US,COLTERPOINT NET LEASE REAL ESTATE ETF,,ETF Series Solutions,COLTERPOINT
NEWZ US,STOCKSNIPS AI-POWERED SENTIMENT US ALL CAP ETF,,EA Series Trust,STOCKSNIPS
NFRX US,HARRISON STREET INFRASTRUCTURE ACTIVE ETF,,2023 ETF Series Trust/The,HARRISON
NITE US,THE NIGHTVIEW FUND,,Capital Series Trust/Nightview,NIGHTVIEW
NIXT US,RESEARCH AFFILIATES DELETIONS ETF,,EA Series Trust,RESEARCH
NMBL US,NOVATIDE FLEXIBLE ALLOCATION ETF,,Tidal Trust III,NOVATIDE
NPFE US,NPF CORE EQUITY ETF,,NPF Core Equity ETF/Fund Paren,NPF
NRSH US,AZTLAN NORTH AMERICA NEARSHORING STOCK SELECTION ETF,,Tidal Trust II,AZTLAN
NSI US,NATIONAL SECURITY EMERGING MARKETS INDEX ETF,,Northern Lights Fund Trust IV/,NATIONAL
NSIG US,NORTH SQUARE GROWTH OPPORTUNITIES ETF,,Exchange Place Advisors Trust,NORTH
NSIV US,NORTH SQUARE DISCIPLINED VALUE ETF,,Exchange Place Advisors Trust,NORTH
NVOH US,NOVO NORDISK A/S B SHARES ADRHEDGED,,Precidian ETFs Trust,NOVO
NVPS US,PUREPLAY NVIDIA ECOSYSTEM PICKS & SHOVELS INDEX ETF,Thematic,Exchange Listed Funds Trust,PUREPLAY
OACP US,ONEASCENT CORE PLUS BOND ETF,,Unified Series Trust/Oneascent,ONEASCENT
OAEM US,ONEASCENT EMERGING MARKETS ETF,,Unified Series Trust/Oneascent,ONEASCENT
OAIM US,ONEASCENT INTERNATIONAL EQUITY ETF,,Unified Series Trust/Oneascent,ONEASCENT
OAKG US,OAKMARK GLOBAL LARGE CAP ETF,,Harris Oakmark ETF Trust,OAKMARK
OAKI US,OAKMARK INTERNATIONAL LARGE CAP ETF,,Harris Oakmark ETF Trust,OAKMARK
OAKM US,OAKMARK US LARGE CAP ETF,,Harris Oakmark ETF Trust,OAKMARK
OALC US,ONEASCENT LARGE CAP CORE ETF,,Unified Series Trust/Oneascent,ONEASCENT
OASC US,ONEASCENT ENHANCED SMALL AND MID CAP ETF,,Unified Series Trust/Oneascent,ONEASCENT
OCIO US,CLEARSHARES OCIO ETF,,ETF Series Solutions,CLEARSHARES
ODHY US,OBRA DEFENSIVE HIGH YIELD ETF,,Spinnaker ETF Trust/Obra Fund,OBRA
OGSP US,OBRA HIGH GRADE STRUCTURED PRODUCTS ETF,,Spinnaker ETF Trust/Obra Fund,OBRA
OILT US,TEXAS CAPITAL TEXAS OIL INDEX ETF,,Texas Capital Funds Trust,TEXAS
OLOXF US,DB CRUDE OIL LONG EXCHANGE TRADED NOTES,,DB ETNs/USA,DB
OOSP US,OBRA OPPORTUNISTIC STRUCTURED PRODUCTS ETF,,Spinnaker ETF Trust/Obra Fund,OBRA
OPER US,CLEARSHARES ULTRA-SHORT MATURITY ETF,,ETF Series Solutions,CLEARSHARES
OSCV US,OPUS SMALL CAP VALUE ETF,,ETF Series Solutions/Aptus Cap,OPUS
OTGL US,OTG LATIN AMERICA ETF,,ETF Opportunities Trust/OTG As,OTG
OWNS US,CCM AFFORDABLE HOUSING MBS ETF,,Quaker Investment Trust/Commun,CCM
PBEU US,PORTFOLIO BUILDING BLOCK EUROPEAN BANKS INDEX ETF,,Tidal Trust IV,PORTFOLIO
PBOG US,PORTFOLIO BUILDING BLOCK INTEGRATED OIL GAS EXPLORATION & PRODUCTION INDEX ETF,,Tidal Trust IV,PORTFOLIO
PBPH US,PORTFOLIO BUILDING BLOCK WORLD PHARMA AND BIOTECH INDEX ETF,,Tidal Trust IV,PORTFOLIO
PBTC US,PANDO ASSET SPOT BITCOIN TRUST,Crypto,Pando Asset AG/Switzerland,PANDO
PCPP US,PORTER & COMPANY PORTER PORTFOLIO INDEX ETF,,ETF Opportunities Trust/REX Sh,PORTER
PEPS US,PARAMETRIC EQUITY PLUS ETF,,Morgan Stanley Etf Trust,PARAMETRIC
PFDE US,PATHFINDER DISCIPLINED US EQUITY ETF,,RBB Fund Trust/The,PATHFINDER
PFOE US,PATHFINDER FOCUSED OPPORTUNITIES ETF,,RBB Fund Trust/The,PATHFINDER
PHEQ US,PARAMETRIC HEDGED EQUITY ETF,,Morgan Stanley Etf Trust,PARAMETRIC
PHOX US,AURA AI PHOTONICS ETF,Thematic,Tidal Trust III,AURA
PIEQ US,PRINCIPAL INTERNATIONAL EQUITY ETF,,Principal Exchange-Traded Fund,PRINCIPAL
PIFI US,CLEARSHARES PITON INTERMEDIATE FIXED INCOME ETF,,ETF Series Solutions,CLEARSHARES
PMA US,MING SHING GROUP HOLDINGS LTD,,,MING
PPTY US,US DIVERSIFIED REAL ESTATE ETF,,ETF Series Solutions,DIVERSIFIED
PQDI US,PRINCIPAL SPECTRUM PREFERRED AND INCOME ETF,,Principal Exchange-Traded Fund,PRINCIPAL
PRAE US,PLANROCK ALTERNATIVE GROWTH ETF,,Northern Lights Fund Trust III,PLANROCK
PRCS US,PARNASSUS CORE SELECT ETF,,Parnassus Income Funds,PARNASSUS
PREF US,PRINCIPAL SPECTRUM PREFERRED SECURITIES ACTIVE ETF,,Principal Exchange-Traded Fund,PRINCIPAL
PRIZ US,ZACKS PREFERRED INCOME ETF,,Zacks Trust,ZACKS
PRMR US,PEAKSHARES RMR PRIME 50 ETF,,Northern Lights Fund Trust II/,PEAKSHARES
PRNT US,THE 3D PRINTING ETF,,ARK ETF Trust,PRINTING
PRTO US,RCN PARETO STRATEGIC ALLOCATION ETF,,Tidal Trust III,RCN
PRVS US,PARNASSUS VALUE SELECT ETF,,Parnassus Income Funds,PARNASSUS
PRXG US,PRAXIS IMPACT LARGE CAP GROWTH ETF,,Praxis Mutual Funds,PRAXIS
PRXI US,PRAXIS IMPACT INTERNATIONAL ETF,Thematic,Praxis Mutual Funds,PRAXIS
PRXV US,PRAXIS IMPACT LARGE CAP VALUE ETF,,Praxis Mutual Funds,PRAXIS
PSC US,PRINCIPAL US SMALL-CAP ETF,,Principal Exchange-Traded Fund,PRINCIPAL
PSET US,PRINCIPAL QUALITY ETF,,Principal Exchange-Traded Fund,PRINCIPAL
PSQA US,PALMER SQUARE CLO SENIOR DEBT ETF,,Palmer Square Funds Trust,PALMER
PSQO US,PALMER SQUARE CREDIT OPPORTUNITIES ETF,,Palmer Square Funds Trust,PALMER
PSTR US,PEAKSHARES SECTOR ROTATION ETF,,Northern Lights Fund Trust II/,PEAKSHARES
PY US,PRINCIPAL VALUE ETF,,Principal Exchange-Traded Fund,PRINCIPAL
PZIV US,PZENA INTERNATIONAL VALUE ETF,,Advisors Series Trust/Pzena In,PZENA
PZLV US,PZENA US LARGE CAP VALUE ETF,,Advisors Series Trust/Pzena In,PZENA
QFF US,QUALIVIAN FOCUS FUND ETF,,EA Series Trust,QUALIVIAN
QIDX US,INDEXPERTS QUALITY EARNINGS FOCUSED ETF,,Spinnaker ETF Trust,INDEXPERTS
QQH US,HCM DEFENDER 100 INDEX ETF,,Northern Lights Fund Trust III,HCM
QRFT US,QRAFT AI-ENHANCED US LARGE CAP ETF,,Exchange Listed Funds Trust,QRAFT
QTPI US,NORTH SQUARE RCIM TAX-ADVANTAGED PREFERRED AND INCOME SECURITIES ETF,,Exchange Place Advisors Trust,NORTH
QUIZ US,ZACKS QUALITY INTERNATIONAL ETF,,Zacks Trust,ZACKS
RAA US,SMI 3FOURTEEN REAL ASSET ALLOCATION ETF,,ETF Opportunities Trust/3Fourt,SMI
RAUS US,RACWI US ETF,,EA Series Trust,RACWI
RCGE US,ROCKCREEK GLOBAL EQUALITY ETF,,EA Series Trust,ROCKCREEK
REAI US,TIDAL TRUST I INTELLIGENT REAL ESTATE ETF,,Tidal Trust I,TIDAL
RHRX US,RH TACTICAL ROTATION ETF,,Starboard Investment Trust,RH
RHTX US,RH TACTICAL OUTLOOK ETF,,Starboard Investment Trust,RH
RILA US,INDEXPERTS GORILLA AGGRESSIVE GROWTH ETF,,Indexperts LLC,INDEXPERTS
RISR US,FOLIOBEYOND ALTERNATIVE INCOME AND INTEREST RATE HEDGE ETF,,Tidal Trust I,FOLIOBEYOND
RITA US,ETFB GREEN SRI REITS ETF,,ETF Series Solutions,ETFB
RIZE US,PRINCIPAL INFLATION PROTECTION ETF,Defined,Principal Exchange-Traded Fund,PRINCIPAL
RKSG US,RUK STRATEGIC GROWTH ETF,,Advisor Managed Portfolios/Sou,RUK
RMIF US,LHA RISK-MANAGED INCOME ETF,,Little Harbor Funds/USA,LHA
RMRC US,ARMOR CORE RISK-MANAGED ETF,,Exchange Listed Funds Trust,ARMOR
RNEM US,EMERGING MARKETS EQUITY SELECT ETF,,First Trust Exchange-Traded Fu,EMERGING
RNIN US,BUSHIDO CAPITAL US SMID CAP EQUITY ETF,,EA Series Trust,BUSHIDO
ROPE US,COASTAL COMPASS 100 ETF,,EA Series Trust,COASTAL
RPAR US,RPAR RISK PARITY ETF,,Tidal Trust I,RPAR
RSBA US,RETURN STACKED BONDS & MERGER ARBITRAGE ETF,,Tidal Trust II,RETURN
RSBT US,RETURN STACKED BONDS & MANAGED FUTURES ETF,,Tidal Trust II,RETURN
RSBY US,RETURN STACKED BONDS & FUTURES YIELD ETF,,Tidal Trust II,RETURN
RSIT US,RETURN STACKED INTERNATIONAL STOCKS & MANAGED FUTURES ETF,,Tidal Trust II,RETURN
RSMV US,RELATIVE STRENGTH MANAGED VOLATILITY STRATEGY ETF,,Listed Funds Trust/Teucrium In,RELATIVE
RSSB US,RETURN STACKED GLOBAL STOCKS & BONDS ETF,,Tidal Trust II,RETURN
RSST US,RETURN STACKED US STOCKS & MANAGED FUTURES ETF,,Tidal Trust II,RETURN
RSSX US,RETURN STACKED U.S. STOCKS & GOLD/BITCOIN ETF,,Tidal Trust II,RETURN
RSSY US,RETURN STACKED U.S. STOCKS & FUTURES YIELD ETF,,Tidal Trust II,RETURN
RULE US,ADAPTIVE CORE ETF,,Tuttle Tactical ETFs/USA,ADAPTIVE
RUNN US,RUNNING OAK EFFICIENT GROWTH ETF,,Strategic Trust,RUNNING
RVER US,TRENCHLESS FUND ETF,,Advisor Managed Portfolios/Fun,TRENCHLESS
RW US,RAINWATER EQUITY ETF,,EA Series Trust,RAINWATER
SAPH US,SAP SE ADRHEDGED,,Precidian ETFs Trust,SAP
SASS US,MD SASS CONCENTRATED VALUE ETF,,RBB Fund Trust/The,MD
SCDV US,BAHL & GAYNOR SMALL CAP DIVIDEND ETF,,ETF Series Solutions/Bahl & Ga,BAHL
SCEC US,STERLING CAPITAL ENHANCED CORE BOND ETF,,Northern Lights Fund Trust IV/,STERLING
SCMC US,STERLING CAPITAL MULTI-STRATEGY INCOME ETF,,Northern Lights Fund Trust IV/,STERLING
SCNM US,STERLING CAPITAL NATIONAL MUNICIPAL BOND ETF,,Northern Lights Fund Trust IV/,STERLING
SCSB US,STERLING CAPITAL SHORT DURATION BOND ETF,,Northern Lights Fund Trust IV/,STERLING
SCUB US,STERLING CAPITAL ULTRA SHORT BOND ETF,,Northern Lights Fund Trust IV/,STERLING
SECT US,MAIN SECTOR ROTATION ETF,,Northern Lights Fund Trust IV/,MAIN
SEMG US,SUNCOAST SELECT GROWTH ETF,,EA Series Trust,SUNCOAST
SFGV US,SEQUOIA GLOBAL VALUE ETF,,EA Series Trust/Empowered Fund,SEQUOIA
SGRT US,SMART EARNINGS GROWTH 30 ETF,,Tidal Trust I,SMART
SHDG US,SOUNDWATCH HEDGED EQUITY ETF,,Soundwatch Capital LLC SMAs/US,SOUNDWATCH
SHEH US,THE SHELL PLC ADRHEDGED,,Precidian ETFs Trust,SHELL
SHRD US,ARIMATHEA CATHOLIC CORE BOND ETF,,FIS Trust,ARIMATHEA
SHRT US,GOTHAM SHORT STRATEGIES ETF,,Tidal Trust I,GOTHAM
SHUS US,STRATIFIED LARGECAP HEDGED ETF,,Exchange-Traded Concepts ETFs/,STRATIFIED
SIXA US,ETC 6 MERIDIAN MEGA CAP EQUITY ETF,,Exchange-Traded Concepts ETFs/,ETC
SIXL US,ETC 6 MERIDIAN LOW BETA EQUITY ETF,,Exchange-Traded Concepts ETFs/,ETC
SIXS US,ETC 6 MERIDIAN SMALL CAP EQUITY ETF,,Exchange-Traded Concepts ETFs/,ETC
SJCP US,SANJAC ALPHA CORE PLUS BOND ETF,,Manager Directed Portfolios,SANJAC
SJLD US,SANJAC ALPHA LOW DURATION ETF,,Manager Directed Portfolios,SANJAC
SLBT US,SL SCIENCE HOLDING LTD,,,SL
SMCO US,HILTON SMALL-MIDCAP OPPORTUNITY ETF,,Tidal Trust II,HILTON
SMCP US,SMART MID CAP ETF,,Tidal Trust I,SMART
SMDX US,INTECH S&P SMALL-MID CAP DIVERSIFIED ALPHA ETF,,Tidal Trust III,INTECH
SMIG US,BAHL & GAYNOR SMALL/MID CAP INCOME GROWTH ETF,,ETF Series Solutions/Bahl & Ga,BAHL
SMIZ US,ZACKS SMALL/MID CAP ETF,,Zacks Trust,ZACKS
SMOM US,SYMMETRY PANORAMIC SECTOR MOMENTUM ETF,,Symmetry Panoramic Trust,SYMMETRY
SMRI US,BUSHIDO CAPITAL US EQUITY ETF,,EA Series Trust,BUSHIDO
SNAV US,MOHR SECTOR NAV ETF,,Collaborative Investment Serie,MOHR
SNTH US,MRP SYNTHEQUITY ETF,,Tidal Trust III,MRP
SNTQ US,MRP SYNTHEQUITY NASDAQ 100 ETF,,Capitol Series Trust/Measured,MRP
SNYH US,SANOFI ADRHEDGED,,Precidian ETFs Trust,SANOFI
SOVF US,SOVEREIGN'S CAPITAL FLOURISH FUND,,Elevation Series Trust/Soverei,SOVEREIGN'S
SPCK US,SPAC & NEW ISSUE ETF,,Collaborative Investment Serie,SPAC
SPCT US,LIBERTY ONE SPECTRUM ETF,,Two Roads Shared Trust/Liberty,LIBERTY
SPCX US,SPACE EXPLORATION TECHNOLOGIES CORP,Thematic,,SPACE
SPDF US,DEFENDER RISK ADAPTIVE 500 ETF,Defined,Sound Capital Solutions LLC,DEFENDER
SPRE US,SP FUNDS S&P GLOBAL REIT SHARIA ETF,,Tidal Trust I,SP
SPSK US,SP FUNDS DOW JONES GLOBAL SUKUK ETF,,Tidal Trust I,SP
SPTE US,SP FUNDS S&P GLOBAL TECHNOLOGY ETF,,SP Funds Trust,SP
SPUS US,SP FUNDS S&P 500 SHARIA INDUSTRY EXCLUSIONS ETF,,Tidal Trust I,SP
SPWO US,SP FUNDS S&P WORLD EX-US ETF,,SP Funds Trust,SP
SPYA US,TWIN OAK ENDURE ETF,,Twin Oak ETF Co/USA,TWIN
SQLV US,ROYCE QUANT SMALL-CAP QUALITY VALUE ETF,,Legg Mason ETF Investment Trus,ROYCE
SQS US,SAPIENT QUALITY SELECT ETF,,EA Series Trust,SAPIENT
SRHQ US,SRH US QUALITY GARP ETF,,Elevation Series Trust/Paralel,SRH
SSCP US,SMART SMALL CAP ETF,,Tidal Trust I,SMART
SSFI US,DAY HAGAN SMART SECTOR FIXED INCOME ETF,,Strategy Shares Inc/Fund Paren,DAY
SSPY US,STRATIFIED LARGECAP INDEX ETF,,Exchange-Traded Concepts ETFs/,STRATIFIED
SSUS US,DAY HAGAN SMART SECTOR ETF,,Strategy Shares Inc/Fund Paren,DAY
SSXU US,DAY HAGAN SMART SECTOR INTERNATIONAL ETF,,Strategy Shares Inc/Fund Paren,DAY
STBF US,PERFORMANCE TRUST SHORT TERM BOND ETF,,Trust for Professional Manager,PERFORMANCE
STHH US,STMICROELECTRONICS NV ADRHEDGED TM,,Precidian ETFs Trust,STMICROELECTRONICS
STNC US,HENNESSY SUSTAINABLE ETF,,Hennessy Funds Trust,HENNESSY
STPU LN,AMUNDI US CURVE STEEPENING 2-10Y UCITS ETF,,Multi Units Luxembourg Sicav,AMUNDI
STRN US,SMART TREND 25 ETF,,Tidal Trust I,SMART
SWP US,SWP GROWTH & INCOME ETF,,Manager Directed Portfolios,SWP
SXQG US,ETC 6 MERIDIAN QUALITY GROWTH ETF,,Exchange-Traded Concepts ETFs/,ETC
TABD US,TRANSAMERICA BOND ACTIVE ETF,,2023 ETF Series Trust/Transame,TRANSAMERICA
TACK US,FAIRLEAD TACTICAL SECTOR ETF,,Capitol Series Trust/Cary Stre,FAIRLEAD
TALV US,TRANSAMERICA LARGE VALUE ACTIVE ETF,,2023 ETF Series Trust/Transame,TRANSAMERICA
TAOZ US,THORNBURG AMERICAN OPPORTUNITIES FUND/ETF,,Thornburg Investment Trust,THORNBURG
TBFC US,THE BRINSMERE FUND - CONSERVATIVE ETF,,ETF Series Solutions,BRINSMERE
TBFG US,THE BRINSMERE FUND - GROWTH ETF,,ETF Series Solutions,BRINSMERE
TBG US,TBG DIVIDEND FOCUS ETF,,EA Series Trust,TBG
TCV US,TOWLE VALUE ETF,,EA Series Trust,TOWLE
TDSB US,EXCHANGE LISTED FUNDS TRUST ETC CABANA TARGET BETA ETF,,Exchange Listed Funds Trust,EXCHANGE
TDSC US,EXCHANGE LISTED FUNDS TRUST ETC CABANA TARGET DRAWDOWN 10 ETF,,Exchange Listed Funds Trust,EXCHANGE
TEMD US,TEMPLETON EMERGING MARKETS DEBT ETF,,Franklin Templeton ETF Trust,TEMPLETON
TFFI US,CHESAPEAKE TREND-FOLLOWING FIXED INCOME ETF,,Tidal Trust II,CHESAPEAKE
TFGZ US,THORNBURG FOCUS GROWTH FUND/ETF,,Thornburg Investment Trust,THORNBURG
TFPN US,BLUEPRINT CHESAPEAKE MULTI-ASSET TREND ETF,,Tidal Trust II,BLUEPRINT
THIR US,THOR INDEX ROTATION ETF,,THOR Financial Technologies Tr,THOR
THLV US,THOR EQUAL WEIGHT LOW VOLATILITY ETF,,THOR Financial Technologies Tr,THOR
THMR US,THOR ADAPTIVERISK DYNAMIC ETF,,THOR Financial Technologies Tr,THOR
THOR US,THORNBURG PREMIUM INCOME BUILDER ETF,CC,Thornburg ETF Trust,THORNBURG
THRV US,PROSPERA INCOME ETF,,RBB Fund Trust/The,PROSPERA
TINS US,TEMPLETON INTERNATIONAL INSIGHTS ETF,,Franklin Templeton ETF Trust,TEMPLETON
TLDR US,THE LADDERED T-BILL ETF,,REX ETF Trust,REX
TMB US,THORNBURG MULTI SECTOR BOND ETF,,Thornburg ETF Trust,THORNBURG
TMH US,TOYOTA MOTOR CORPORATION ADRHEDGED,,Precidian ETFs Trust,TOYOTA
TOAK US,TWIN OAK SHORT HORIZON ABSOLUTE RETURN ETF,,Twin Oak ETF Co/USA,TWIN
TOAO US,TWIN OAK ACTIVE OPPORTUNITIES III ETF,,Twin Oak ETF Co/USA,TWIN
TOEQ US,TWIN OAK ACTIVE OPPORTUNITIES II ETF,CC,Twin Oak ETF Co/USA,TWIN
TOGA US,TREMBLANT GLOBAL ETF,,Tremblant Advisors LP,TREMBLANT
TOS US,TWIN OAK STRATEGIC SOLUTIONS ETF,,Twin Oak ETF Co/USA,TWIN
TOT US,LIONSHARES US EQUITY TOTAL RETURN ETF,,Advisor Managed Portfolios/Lio,LIONSHARES
TOV US,JLENS 500 JEWISH ADVOCACY US ETF,,EA Series Trust,JLENS
TPFC US,TIMOTHY PLAN FREE CASH FLOW ETF,,Timothy Plan/The,TIMOTHY
TPFG US,TIMOTHY PLAN FREE CASH FLOW GROWTH ETF,,Timothy Plan/The,TIMOTHY
TPFI US,TIMOTHY PLAN FIXED INCOME ETF,,Timothy Plan/The,TIMOTHY
TPHD US,TIMOTHY PLAN HIGH DIVIDEND STOCK ETF,,Timothy Plan/The,TIMOTHY
TPIF US,TIMOTHY PLAN INTERNATIONAL ETF,,Timothy Plan/The,TIMOTHY
TPLC US,TIMOTHY PLAN US LARGE/MID CAP CORE ETF,,Timothy Plan/The,TIMOTHY
TPLS US,THORNBURG CORE PLUS BOND ETF,,Thornburg ETF Trust,THORNBURG
TPSC US,TIMOTHY PLAN US SMALL CAP CORE ETF,,Timothy Plan/The,TIMOTHY
TRBF US,ANGEL OAK TOTAL RETURN ETF,,Angel Oak Funds Trust,ANGEL
TSCM US,TIMESSQUARE QUALITY MID CAP GROWTH ETF,,2023 ETF Series Trust/TimesSqu,TIMESSQUARE
TSES US,TRUTH SOCIAL AMERICAN ENERGY SECURITY ETF,,Yorkville America Investment T,TRUTH
TSIC US,TRUTH SOCIAL AMERICAN ICONS ETF,,Yorkville America Investment T,TRUTH
TSNF US,TRUTH SOCIAL AMERICAN NEXT FRONTIERS ETF,,Yorkville America Investment T,TRUTH
TSPX US,TWIN OAK ACTIVE OPPORTUNITIES ETF,,Twin Oak ETF Co/USA,TWIN
TSRS US,TRUTH SOCIAL AMERICAN RED STATE REITS ETF,,Yorkville America Investment T,TRUTH
TSSD US,TRUTH SOCIAL AMERICAN SECURITY & DEFENSE ETF,,Yorkville America Investment T,TRUTH
TTEH US,TOTALENERGIES SE ADRHEDGED,,Precidian ETFs Trust,TOTALENERGIES
TUG US,STF TACTICAL GROWTH ETF,,Listed Funds Trust,STF
TUGN US,STF TACTICAL GROWTH & INCOME ETF,,Listed Funds Trust,STF
TXS US,TEXAS CAPITAL TEXAS EQUITY INDEX ETF,,Texas Capital Funds Trust,TEXAS
TXUE US,THORNBURG INTERNATIONAL EQUITY ETF,,Thornburg ETF Trust,THORNBURG
TXUG US,THORNBURG INTERNATIONAL GROWTH ETF,,Thornburg ETF Trust,THORNBURG
UGA US,UNITED STATES GASOLINE FUND LP,,United States Commodities ETFs,UNITED
UMMA US,WAHED DOW JONES ISLAMIC WORLD ETF,,Listed Funds Trust,WAHED
UNG US,UNITED STATES NATURAL GAS FUND LP,,United States Commodities ETFs,UNITED
UNL US,UNITED STATES 12 MONTH NATURAL GAS FUND LP,,United States Commodities ETFs,UNITED
UPAR US,UPAR ULTRA RISK PARITY ETF,,Tidal Trust I,UPAR
US7 SW,AMUNDI US TREASURY BOND 7-10Y UCITS ETF,,Multi Units Luxembourg Sicav,AMUNDI
USAF US,ATLAS AMERICA FUND,,2023 ETF Series Trust/The,ATLAS
USCI US,UNITED STATES COMMODITY INDEX FUND,,United States Commodities ETFs,UNITED
USFI US,BRANDYWINEGLOBAL US FIXED INCOME ETF,,Franklin Templeton ETF Trust,BRANDYWINEGLOBAL
USL US,UNITED STATES 12 MONTH OIL FUND LP,,United States Commodities ETFs,UNITED
USMC US,PRINCIPAL US MEGA-CAP ETF,,Principal Exchange-Traded Fund,PRINCIPAL
USMD US,COREVALUES AMERICA FIRST TECHNOLOGY ETF,,Tidal Trust II,COREVALUES
USO US,UNITED STATES OIL FUND LP,,United States Commodities ETFs,UNITED
USSE US,SEGALL BRYANT & HAMILL SELECT EQUITY ETF,,Segall Bryant & Hamill Trust,SEGALL
UUPP US,PRINCIPAL CLO ETF,,Principal Exchange-Traded Fund,PRINCIPAL
UYLD US,ANGEL OAK ULTRASHORT INCOME ETF,,Angel Oak Funds Trust,ANGEL
VBND US,VIDENT US BOND STRATEGY ETF,,ETF Series Solutions,VIDENT
VCOB US,VOYA CORE BOND ETF,,Tidal Trust IV,VOYA
VETZ US,ACADEMY VETERAN BOND ETF,,Tidal Trust I,ACADEMY
VGSR US,VERT GLOBAL SUSTAINABLE REAL ESTATE ETF,,Manager Directed Portfolios/Ve,VERT
VIDI US,VIDENT INTERNATIONAL EQUITY STRATEGY ETF,,ETF Series Solutions,VIDENT
VMSB US,VOYA MULTI-SECTOR INCOME ETF,,Tidal Trust IV,VOYA
VNIE US,VONTOBEL INTERNATIONAL EQUITY ACTIVE ETF,,Advisors' Inner Circle Fund II,VONTOBEL
VOXP US,VOX POPULI ETF,,Advisors Series Trust/Distribu,VOX
VPX US,VARIANT PERCEPTION CYCLE AWARE US EQUITY ETF,,EA Series Trust,VARIANT
VUSE US,VIDENT US EQUITY STRATEGY ETF,,ETF Series Solutions,VIDENT
VUSI US,VOYA ULTRA SHORT INCOME ETF,,Tidal Trust IV,VOYA
WABF US,WESTERN ASSET BOND ETF,,Franklin Templeton ETF Trust,WESTERN
WAGN US,PABRAI WAGONS ETF,,Professionally Managed Portfol,PABRAI
WBIF US,WBI BULLBEAR VALUE 3000 ETF,,WBI ETFs/USA,WBI
WBIG US,WBI BULLBEAR YIELD 3000 ETF,,WBI ETFs/USA,WBI
WBIL US,WBI BULLBEAR QUALITY 3000 ETF,,WBI ETFs/USA,WBI
WBIY US,WBI POWER FACTOR HIGH DIVIDEND ETF,,WBI ETFs/USA,WBI
WCAP US,WARCAP UNCONSTRAINED EQUITY ETF,,Spinnaker ETF Trust,WARCAP
WCPB US,WEITZ CORE PLUS BOND ETF,,Northern Lights Fund Trust II/,WEITZ
WDE US,PRINCIPAL SECURITIZED DEBT ETF,,Principal Exchange-Traded Fund,PRINCIPAL
WLTG US,WEALTHTRUST DBS LONG TERM GROWTH ETF,,ETF Opportunities Trust/Wealth,WEALTHTRUST
WMSB US,WEITZ MULTISECTOR BOND ETF,,Northern Lights Fund Trust II/,WEITZ
WSDB US,WEITZ SHORT DURATION BOND ETF,,Northern Lights Fund Trust II/,WEITZ
WSGE US,WARREN STREET GLOBAL EQUITY ETF,,EA Series Trust,WARREN
WZRD US,OPPORTUNISTIC TRADER ETF,,ETF Opportunities Trust/Tuttle,OPPORTUNISTIC
XCOR US,FUNDX ETF,,FundX Investment Trust,FUNDX
XFLX US,FUNDX FLEXIBLE ETF,,FundX Investment Trust,FUNDX
XNAV US,FUNDX AGGRESSIVE ETF,,FundX Investment Trust,FUNDX
XRLX US,FUNDX CONSERVATIVE ETF,,FundX Investment Trust,FUNDX
YALL US,TRUTH SOCIAL GOD BLESS AMERICA ETF,,Yorkville America Investment T,TRUTH
YFFI US,INDEXPERTS YIELD FOCUSED FIXED INCOME ETF,,Spinnaker ETF Trust,INDEXPERTS
YFYA US,YIELDS FOR YOU INCOME STRATEGY A ETF,,Listed Funds Trust/Teucrium In,YIELDS
YLD US,PRINCIPAL ACTIVE HIGH YIELD ETF,,Principal Exchange-Traded Fund,PRINCIPAL
YLDA US,QUANTIFY ABSOLUTE INCOME ETF,Defined,Tidal Trust II,QUANTIFY
YOKE US,YOKE CORE ETF,,EA Series Trust,YOKE
YSAG US,Y ALL STREET PHYSICAL SILVER ETF,,Texas Precious Metals Trust,ALL
YSAU US,Y ALL STREET PHYSICAL GOLD ETF,,Texas Precious Metals Trust,ALL
ZECP US,ZACKS EARNINGS CONSISTENT PORTFOLIO ETF,,Zacks Trust,ZACKS
ZHDG US,ZEGA BUY AND HEDGE ETF,,Tidal Trust I,ZEGA
ZIG US,THE ACQUIRERS FUND ETF,,ETF Series Solutions,ACQUIRERS
ZINC US,ZACKS INCOME ETF,,Zacks Trust,ZACKS
ZTAX US,X-SQUARE MUNICIPAL INCOME ETF,,X-Square Series Trust,X-SQUARE
